generation,time,best cost,population,mutation,tournament
0,0.0,1850.5,6,1,5
1,0.024005413055419922,1843.5,6,1,5
51,1.2053961753845215,1842.5,6,1,5
